{"_type":"export","__export_format":4,"__export_date":"2022-10-07T13:01:29.254Z","__export_source":"insomnia.desktop.app:v2022.6.0","resources":[{"_id":"req_946b3f6b71804ef989e51a0e8485d1e7","parentId":"wrk_4e0cfd4acad34b46bb758bb5bdec89c7","modified":1665146580970,"created":1665146380160,"url":"http://localhost:2200/solicitacao/solicitacao","name":"criasol","description":"","method":"POST","body":{"mimeType":"application/json","text":"\t{\n\t\t\"Num_Sol\": 1056,\n\t\t\"Cod_Depto\": 2000,\n\t\t\"Cod_Func\": 100,\n\t\t\"Cod_Produto\": 125,\n\t\t\"Qtde\": 2,\n\t\t\"valor\": 10\n\t}"},"parameters":[],"headers":[{"name":"Content-Type","value":"application/json"}],"authentication":{},"metaSortKey":-1665146380160,"isPrivate":false,"settingStoreCookies":true,"settingSendCookies":true,"settingDisableRenderRequestBody":false,"settingEncodeUrl":true,"settingRebuildPath":true,"settingFollowRedirects":"global","_type":"request"},{"_id":"wrk_4e0cfd4acad34b46bb758bb5bdec89c7","parentId":null,"modified":1665143190289,"created":1665143190289,"name":"Teste solicitacao","description":"","scope":"collection","_type":"workspace"},{"_id":"req_af4288bc86f141dea5dc6cba501cf252","parentId":"wrk_4e0cfd4acad34b46bb758bb5bdec89c7","modified":1665146375360,"created":1665146342593,"url":"http://localhost:2200/solicitacao/solicitacao","name":"listasol","description":"","method":"GET","body":{},"parameters":[],"headers":[],"authentication":{},"metaSortKey":-1665146342593,"isPrivate":false,"settingStoreCookies":true,"settingSendCookies":true,"settingDisableRenderRequestBody":false,"settingEncodeUrl":true,"settingRebuildPath":true,"settingFollowRedirects":"global","_type":"request"},{"_id":"req_a8e9ebce7ba148eeb8c5a2b32b7e2dc7","parentId":"wrk_4e0cfd4acad34b46bb758bb5bdec89c7","modified":1665146230692,"created":1665146063554,"url":"http://localhost:2200/solicitacao/departamento","name":"excluir","description":"","method":"PUT","body":{"mimeType":"application/json","text":"{\n\t\"Cod_Depto\":3000\n}"},"parameters":[],"headers":[{"name":"Content-Type","value":"application/json"}],"authentication":{},"metaSortKey":-1665146063554,"isPrivate":false,"settingStoreCookies":true,"settingSendCookies":true,"settingDisableRenderRequestBody":false,"settingEncodeUrl":true,"settingRebuildPath":true,"settingFollowRedirects":"global","_type":"request"},{"_id":"req_14799c01298d4dc89e8d4798f0876652","parentId":"wrk_4e0cfd4acad34b46bb758bb5bdec89c7","modified":1665146213414,"created":1665144836734,"url":"http://localhost:2200/solicitacao/departamento","name":"criarDep","description":"","method":"POST","body":{"mimeType":"application/json","text":"{\n\t\"Cod_Depto\":3000,\n\t\"Nome_Depto\":\"Compras\"\n}"},"parameters":[],"headers":[{"name":"Content-Type","value":"application/json"}],"authentication":{},"metaSortKey":-1665144836734,"isPrivate":false,"settingStoreCookies":true,"settingSendCookies":true,"settingDisableRenderRequestBody":false,"settingEncodeUrl":true,"settingRebuildPath":true,"settingFollowRedirects":"global","_type":"request"},{"_id":"req_4912f4a591bb44bb90a796be714e5681","parentId":"wrk_4e0cfd4acad34b46bb758bb5bdec89c7","modified":1665146355226,"created":1665144745747,"url":"http://localhost:2200/solicitacao/produtos","name":"criarProd","description":"","method":"POST","body":{"mimeType":"application/json","text":"\t{\n\t\t\"Cod_Produto\": 149,\n\t\t\"Nome_produto\": \"Parafuso\"\n\t}"},"parameters":[],"headers":[{"name":"Content-Type","value":"application/json"}],"authentication":{},"metaSortKey":-1665144745747,"isPrivate":false,"settingStoreCookies":true,"settingSendCookies":true,"settingDisableRenderRequestBody":false,"settingEncodeUrl":true,"settingRebuildPath":true,"settingFollowRedirects":"global","_type":"request"},{"_id":"req_13a3060521964645add4f3dc209b9a08","parentId":"wrk_4e0cfd4acad34b46bb758bb5bdec89c7","modified":1665144735856,"created":1665144672115,"url":"http://localhost:2200/solicitacao/produtos","name":"lisstrProd","description":"","method":"GET","body":{},"parameters":[],"headers":[],"authentication":{},"metaSortKey":-1665144672115,"isPrivate":false,"settingStoreCookies":true,"settingSendCookies":true,"settingDisableRenderRequestBody":false,"settingEncodeUrl":true,"settingRebuildPath":true,"settingFollowRedirects":"global","_type":"request"},{"_id":"env_8578e0c80f79295781b9726caba56e844d6ac9b3","parentId":"wrk_4e0cfd4acad34b46bb758bb5bdec89c7","modified":1665143190310,"created":1665143190310,"name":"Base Environment","data":{},"dataPropertyOrder":null,"color":null,"isPrivate":false,"metaSortKey":1665143190310,"_type":"environment"},{"_id":"jar_8578e0c80f79295781b9726caba56e844d6ac9b3","parentId":"wrk_4e0cfd4acad34b46bb758bb5bdec89c7","modified":1665143190313,"created":1665143190313,"name":"Default Jar","cookies":[],"_type":"cookie_jar"},{"_id":"spc_6225eb04843845feaee3830610ab3d5f","parentId":"wrk_4e0cfd4acad34b46bb758bb5bdec89c7","modified":1665143190295,"created":1665143190295,"fileName":"Teste solicitacao","contents":"","contentType":"yaml","_type":"api_spec"}]}